PAYS,VILLE,TYPE DE PARTENAIRE,NOM DU PARTENAIRE,SPECIALITE,TELEPHONE,E-MAIL,Latitude,Longitude,QUARTIER,ADRESSE
TOGO,LOME,HOPITAL,CENTRE HOSPITALIER REGIONAL (CHR) LOME COMMUNE,"MEDECINE GENERALE, GYNECOLOGIE OBSTETRIQUE, CHIRURGIE, PEDIATRIE, DERMATOLOGIE, RHUMATOLOGIE, STOMATOLOGIE, HEPATO-GASTRO-ENTEROLOGIE, NEUROLOGIE, OPHTALMOLOGIE, OTO-RHINO-LARYNGOLOGIE, PNEUMOLOGIE, UROLOGIE, NEPHROLOGIE, ANALYSES MEDICALES, RADIOLOGIE, ECHOGRAPHIE",90810427;90963975 / 90 15 48 92,chrlomecommune@yahoo.fr; matafei@hotmail.com,6.1916875,1.2365625,Lome Lome,Lome
TOGO,LOME,CLINIQUE,CLINIQUE BONNE ESPERANCE,"CARDIOLOGIE, MEDECINE GENERALE, ANALYSES MEDICALES",22 50 70 93 ; 90 09 76 12,jdamoro@yahoo.fr,6.2229375,1.2158125,AgoŤ Kťtidjan,"AgoŤ Kťtidjan, Route de Kťguť, Rue Koffi Panou"
TOGO,LOME,C/DENTAIRE,CENTRE DENTAIRE INTERNATIONAL DE LOME (SOS DENTISTE),CHIRURGIE DENTAIRE,90909511;99627022;90040071,cdiltg@gmail.com,6.1975625,1.2058125,Agbalepedo,"Agbalepedo, derriŤre la Direction des Transports Routiers"
TOGO,LOME,CENTRE D'OPTIQUE,ANOPTIC,OPTIQUE,91224040,ericbiti29@gmail.com,6.1256875,1.2254375,Lome Lome,Lome
TOGO,LOME,CABINET,CABINET CARDIO 24 (ENAM),CARDIOLOGIE,22 22 44 97/ 92 25 00 25,docesse@yahoo.fr,6.1350625,1.2136875,Lome Hanoukopť,Hanoukopť
TOGO,LOME,C/DENTAIRE,CABINET DENTAIRE EGNY,CHIRURGIE DENTAIRE,22 22 14 06 ; 93 90 35 73 ; 90 05 16 90,Pas d'adresse mail,6.1415625,1.2450625,Lome Lome,Lome
TOGO,LOME,C/DENTAIRE,CABINET DENTAIRE IVOIRE,CHIRURGIE DENTAIRE,22 20 41 93 / 91346072,Adresse non fonctionnelle,6.1261875,1.2010625,Lome Lome,"Rue de la charitť, haut de la Pharmacie ADJOLOLO"
TOGO,LOME,C/DENTAIRE,CABINET DENTAIRE LE SALUT,CHIRURGIE DENTAIRE,22 22 10 01 ; 90045382,cabinetdentairelesalut@gmail.com,6.1418125,1.2025625,Lome Lome,Lome
TOGO,LOME,C/DENTAIRE,CABINET DENTAIRE PDG,CHIRURGIE DENTAIRE,22 20 28 39 / 90136585,ananivich@gmail.com,6.1336875,1.2360625,Lome Lome,"Lome Boulevard de la Kara, angle rue Cinkassť"
TOGO,LOME,CABINET,CABINET D'OPHTALMOLOGIE DODAVA,OPHTALMOLOGIE,22227628 / 99222454,cododava@gmail.com; adaakue@hotmail.com,6.1331875,1.2136875,"Lome Nyťkonakpoť, 253, Rue des Cocotiers, prŤs de la Clinique BIASA","Nyťkonakpoť, 253, Rue des Cocotiers, prŤs de la Clinique BIASA"
TOGO,LOME,CABINET,CABINET EVONAWO,KINESITHERAPIE,22 26 01 28,Pas d'adresse mail,6.1616875,1.2274375,"Lome Tokoin Forever, 149, Rue AlokoŤgbť, von avant le Commissariat central","Tokoin Forever, 149, Rue AlokoŤgbť, von avant le Commissariat central"
TOGO,LOME,CABINET,CABINET MEDICAL AMOUTIVE,"OPHTALMOLOGIE, NEUROLOGIE, CARDIOLOGIE",22 21 82 05,bengue45@yahoo.fr,6.1318125,1.2256875,Lome Lome,Lome
TOGO,LOME,CABINET,CABINET MEDICAL D'OPHTALMOLOGIE  RAVILIG,OPHTALMOLOGIE,22 20 54 26 ; 92 43 10 74 / 90 08 60 65,adorglohedith@gmail.com,6.1433125,1.2045625,Lome Tokoin HŰpital,"Tokoin HŰpital, 5 rue BŤkpo (devant Hotel GRAAL)"
TOGO,LOME,CABINET,CABINET MEDICAL LA COMPASSION,"MEDECINE GENERALE, ANALYSES MEDICALES (Bacterio, Immuno, Bioch, Hťmato), IMAGERIE MEDICALE (Echo), KINESITHERAPIE, OTO-RHINO-LARYNGOLOGIE",70420222 ; 22257075 / 90126626,cliniklacompassion@yahoo.fr ; jptgba@yahoo.fr;jptagba@cliniquelacompassionsante.com,6.1721875,1.1935625,"Lome Adidogomť Avťnou, Rue Dr ANTHONY","Adidogomť Avťnou, Rue Dr ANTHONY"
TOGO,LOME,CABINET,CABINET MEDICAL LE LIS,OPHTALMOLOGIE,22 21 07 33,ytete90@yahoo.fr,6.1355625,1.2233125,"Lome Quartier des Etoiles Ė Wťtrivi Kondji, 15, Av. de la Libťration, Imm. Inam, face BOAD","Quartier des Etoiles Ė Wťtrivi Kondji, 15, Av. de la Libťration, Imm. Inam, face BOAD"
TOGO,LOME,CABINET,CABINET MEDICAL ORL DR AZIABLE,OTO-RHINO-LARYNGOLOGIE (ORL),22 22 45 90,paziable@yahoo.fr,6.1300625,1.2385625,Lome Rue de l'OCAM,43 Rue de l'OCAM
TOGO,LOME,CABINET,CABINET MEDICAL SAINT MICHEL,"MEDECINE GENERALE, PEDIATRIE, DERMATOLOGIE, ORL, CARDIOLOGIE",22 51 87 33 ; 92242010 ;90 00 35 16 / 90 04 47 27,cabinetmedicalsaintmichel@gmail.com;klouviana2009@gmail.com,6.1679375,1.2020625,Lome Attikoumť,Attikoumť
TOGO,LOME,CABINET,CABINET MEDICAL SPECIALISE,HEPATO-GASTRO-ENTEROLOGIE,22 51 66 13,Pas d'adresse mail,6.1885625,1.2079375,Lome Lome,Lome
TOGO,LOME,CLINIQUE,CABINET MEDICO-DERMATOLOGIQUE DE LOME (CMDL),"PEDIATRIE, DERMATOLOGIE, VENEREOLOGIE, ALLERGOLOGIE, ANALYSES MEDICALES",70 41 05 94 / 90 82 65 14,gnasswag2015@yahoo.fr;barthelemysaka@yahoo.fr,6.1990625,1.1836875,Lome Avťdzi Limousine ŗ 300 m en allant vers UTB/Marchť Totsi,Avťdzi Limousine ŗ 300 m en allant vers UTB/Marchť Totsi
TOGO,LOME,CENTRE D'OPTIQUE,CBVOM,OPTIQUE,91526292,capkuro@gmail.com,6.1869375,1.2714375,Lome Lome,Lome
TOGO,KPALIME,HOPITAL,CENTRE HOSPITALIER PREFECTORAL (CHP)  KPALIME,"MEDECINE GENERALE, GYNECOLOGIE OBSTETRIQUE, CHIRURGIE, ANALYSES MEDICALES",24 41 04 15 / 24 41 10 20 / 99539773/90234702,hopitalkpalime80@gmail.com,6.9128125,0.6276875,Kpalime Kpalime,Kpalime
TOGO,ANEHO,HOPITAL,CENTRE HOSPITALIER PREFECTORAL (CHP) ANEHO,"MEDECINE GENERALE, GYNECOLOGIE OBSTETRIQUE, ANALYSES MEDICALES",23310017 ; 91999917 (M.ASSIONGBON Folly),chpadjido@gmail.com,6.2273125,1.5814375,Aneho Aneho,Aneho
TOGO,BASSAR,HOPITAL,CENTRE HOSPITALIER PREFECTORAL (CHP) BASSAR,"MEDECINE GENERALE, GYNECOLOGIE OBSTETRIQUE, CHIRURGIE, ANALYSES MEDICALES",90 99 94 30,Pas d'adresse mail,9.2643125,0.7805625,Bassar Bassar,Bassar
TOGO,BLITTA,HOPITAL,CENTRE HOSPITALIER PREFECTORAL (CHP) DE BLITTA,"MEDECINE GENERALE, GYNECOLOGIE OBSTETRIQUE, CHIRURGIE, ANALYSES MEDICALES",25 55 53 34/90 05 93 75,dadout@yahoo.fr,8.3318125,0.9876875,Blitta Blitta,Blitta
TOGO,VOGAN,HOPITAL,CENTRE HOSPITALIER PREFECTORAL (CHP) DE VOGAN,"MEDECINE GENERALE, CHIRURGIE, GYNECOLOGIE OBSTETRIQUE, PEDIATRIE, ANALYSES MEDICALES",70415845 / 90387405 / 90358710,hopitalvogan@gmail.com;jeanadje122@gmail.com,6.3476875,1.5240625,Vogan,Vogan
TOGO,TSEVIE,HOPITAL,CENTRE HOSPITALIER REGIONAL (CHR) TSEVIE,"MEDECINE GENERALE, GYNECOLOGIE OBSTETRIQUE, CHIRURGIE, ANALYSES MEDICALES",90 21 25 32/ 97 40 94 70,jawuissi@yahoo.fr;chrtsevie@yahoo.fr,6.4314375,1.2228125,Tsevie Tsevie,Tsevie
TOGO,ATAKPAME,HOPITAL,CENTRE HOSPITALISER REGIONAL (CHR) ATAKPAME,"MEDECINE GENERALE, GYNECOLOGIE OBSTETRIQUE, CHIRURGIE, ANALYSES MEDICALES",00228 24 40 00 01/90 08 47 95,chratakpame@gmail.com,7.5325625,1.1263125,Atakpame Atakpame,Atakpame
TOGO,SOKODE,HOPITAL,CENTRE MEDICAL DU PUITS DE JACOB LA SOURCE,"MEDECINE GENERALE, HEPATO-GASTRO-ENTEROLOGIE, MEDECINE INTERNE, PEDIATRIE, DERMATOLOGIE, ENDOCRINOLOGIE, HEMATOLOGIE, ANALYSES MEDICALES (Hťmato, Immuno, Bacterio, Bioch, Parasito), IMAGERIE MEDICALE (Echo, Radio), ECG",25 50 05 11 / 93681868,directioncmpj@puitsdejacob.com;admincmpj@puitsdejacob.com;tchegbati31@gmail.com,9.0145625,1.1381875,Sokode Sokode,Sokode
TOGO,LOME,CLINIQUE,CENTRE MEDICO CHIRURGICAL SOURCE DE VIE,"MEDECINE GENERALE, GYNECOLOGIE OBSTETRIQUE, CHIRURGIE, PEDIATRIE, ANALYSES MEDICALES",22 33 11 10 ; 23361916 ; 90355055,sourcedeviehopital@gmail.com;drnapolazaro@hopitalsourcedevie.tg,6.1935625,1.1774375,Lome Avťdji sito,Avťdji sito
TOGO,LOME,CLINIQUE,CENTRE NATIONAL DE RECHERCHE ET DE SOINS AUX DREPANOCYTAIRES,"DREPANOCYTOSE, ANALYSES MEDICALES",22 50 13 16 ; 70 21 97 30 / 90312289 / 90 18 25 51,cnrsd.tg@gmail.com;2008magnang@gmail.com;kaizer.kossi@yahoo.fr,6.1816875,1.2141875,Lome Lome,"CHU Campus, prŤs du pavillon scanner"
TOGO,SOTOUBOUA,HOPITAL,CHP SOTOUBOUA,"MEDECINE GENERALE, GYNECOLOGIE OBSTETRIQUE, ANALYSES MEDICALES (Hťmato, Immuno, Bioch, Parasito), CHIRURGIE, KINESITHERAPIE, OPHTALMOLOGIE, PEDIATRIE, IMAGERIE MEDICALE (Radio, Echo)",25503014; 90496612; 90317696,edroisa7@gmail.com;kkverlaine@gmail.com,8.5576875,0.9779375,Sotouboua Sotouboua,Sotouboua
TOGO,KARA,HOPITAL,CHR KARA TOMDE,"MEDECINE GENERALE, GYNECOLOGIE OBSTETRIQUE, CHIRURGIE, ANALYSES MEDICALES",26 60 02 50,chrkaratomde@gmail.com,9.5616875,1.2024375,Kara Kara,Kara
TOGO,SOKODE,HOPITAL,CHR SOKODE,"MEDECINE GENERALE, GYNECOLOGIE OBSTETRIQUE, CHIRURGIE, ANALYSES MEDICALES",22 50 00 76 ,yawovios4@gmail.com;chrsokode2018@gmail.com;chrsokode1977@yahoo.fr,8.9851875,1.1353125,Sokode Sokode,Sokode
TOGO,LOME,HOPITAL,CHU CAMPUS,"MEDECINE GENERALE, GYNECOLOGIE OBSTETRIQUE, CHIRURGIE, PEDIATRIE, NEUROLOGIE, CARDIOLOGIE, HEPATO-GASTRO-ENTEROLOGIE, RHUMATOLOGIE, ANALYSES MEDICALES",22 21 25 01,Pas d'adresse mail,6.1794375,1.2126875,Lome Lome,Lome
TOGO,KARA,HOPITAL,CHU KARA,"MEDECINE GENERALE, GYNECOLOGIE OBSTETRIQUE, CHIRURGIE, PEDIATRIE, NEUROLOGIE, CARDIOLOGIE, HEPATO-GASTRO-ENTEROLOGIE, RHUMATOLOGIE, ANALYSES MEDICALES, OTO-RHINO-LARYNGOLOGIE (ORL)",70353696 ; 90145599 / 91 27 83 86,hopital.chukara@gmail.com; amanga_ni@yahoo.fr; kabamartial@yahoo.fr,9.5564375,1.1829375,"Kara Kara, BP: 18","Kara, BP: 18"
TOGO,LOME,HOPITAL,CHU SYLVANUS OLYMPIO,"MEDECINE GENERALE, GYNECOLOGIE OBSTETRIQUE, CHIRURGIE, PEDIATRIE, NEUROLOGIE, CARDIOLOGIE, HEPATO-GASTRO-ENTEROLOGIE, RHUMATOLOGIE, ANALYSES MEDICALES",22 21 25 01 ; 22 21 05 01,Pas d'adresse mail,6.1441875,1.2078125,Lome Lome,Lome
TOGO,LOME,CLINIQUE,CLINIQUE ALPIA,"MEDECINE GENERALE, GYNECOLOGIE OBSTETRIQUE, ANALYSES MEDICALES",22 21 63 95 ; 90 11 48 80,alpia_24@yahoo.fr,6.1386875,1.2208125,Lome Lome,Lome
TOGO,LOME,CLINIQUE,CLINIQUE AMOUTIVE,MEDECINE GENERALE,22 22 44 00,Pas d'adresse mail,6.1318125,1.2256875,Lome Lome,Lome
TOGO,LOME,HOPITAL,HOPITAL PRIVE AUTEL D'ELIE,"MEDECINE GENERALE, GYNECOLOGIE OBSTETRIQUE, CHIRURGIE, PEDIATRIE, NEUROLOGIE, CARDIOLOGIE, HEPATO-GASTRO-ENTEROLOGIE, RHUMATOLOGIE, ANALYSES MEDICALES, RADIOLOGIE ET IMAGERIE MEDICALE, CARDIOLOGIE INTERVENTIONNELLE",22 22 63 13 ; 92 50 78 22,auteldelie@gmail.com;emmanuel92904251@gmail.com,6.1405625,1.2436875,Lome BŤ,Rue du Temple; BŤ Pa de Souza Nťtimť
TOGO,LOME,CLINIQUE,CLINIQUE AVOSANTO,MEDECINE GENERALE,22 5 50 85 ; 22 33 55 54,Pas d'adresse mail,6.2376875,1.2059375,Lome Lome,Lome
TOGO,LOME,CLINIQUE,CLINIQUE BARRUET,"ANATOMIE PATHOLOGIQUE, ANESTHESIE REANIMATION, CARDIOLOGIE, CHIRURGIE (DIGESTIVE, GENERALE), DERMATOLOGIE, DIABETOLOGIE, MEDECINE GENERALE, MEDECINE INTERNE, NEUROLOGIE, OPHTALMOLOGIE, OTO-RHINO-LARYNGOLOGIE, IMAGERIE MEDICALE, TRAUMATOLOGIE, ANALYSES MEDICALES ",22 21 21 97 / 90042473,drbarruet@clinicbarruet.com;willydebarruet@gmail.com,6.1498125,1.2531875,"Lome Gbťnyťdji, 2753, Bd Fťlix HouphouŽt Boigny, non loin de Millenium Microfinance","Gbťnyťdji, 2753, Bd Fťlix HouphouŽt Boigny, non loin de Millenium Microfinance"
TOGO,LOME,CLINIQUE,CLINIQUE BEL AIR,"MEDECINE GENERALE, CHIRURGIE, GYNECOLOGIE OBSTETRIQUE, RHUMATOLOGIE, ANALYSES MEDICALES",22 22 98 83,belairclinique@yahoo.com;aimbey@yahoo.fr,6.1331875,1.2416875,Lome Lome,Lome
TOGO,LOME,CLINIQUE,CLINIQUE BETHESDA,MEDECINE GENERALE,22 50 48 46; 90 28 68 20,cliniquebethesda1@gmail.com,6.2066875,1.1834375,"Lome Adidoadin, Route Lťo 2000, non loin de la Phcie LAUS DEO","Adidoadin, Route Lťo 2000, non loin de la Phcie LAUS DEO"
TOGO,LOME,CLINIQUE,CLINIQUE BIASA,"MEDECINE GENERALE, GYNECOLOGIE OBSTETRIQUE, CHIRURGIE, PEDIATRIE, NEUROLOGIE, CARDIOLOGIE, HEPATO-GASTRO-ENTEROLOGIE, RHUMATOLOGIE, ANALYSES MEDICALES",22 21 11 37,azikaro@yahoo.fr;dg@cliniquebiasa.org,6.1336875,1.2133125,Lome Lome,Lome
TOGO,LOME,CLINIQUE,CLINIQUE CHIRURGICALE DE LOME,CHIRURGIE,22 25 10 53 ; 99038930,clinique_ccl@yahoo.fr,6.1894375,1.1931875,Lome Lome,Lome
TOGO,LOME,CLINIQUE,CLINIQUE CONTINENTALE,MEDECINE GENERALE,00228 99 49 99 25,doskoj@yahoo.fr,6.2259375,1.1983125,"Lome AgoŤ Assiyťyť, Rue du Carrefour Bleu, Vers Minamadou, ŗ cŰtť de l'Ecole la Source","AgoŤ Assiyťyť, Rue du Carrefour Bleu, Vers Minamadou, ŗ cŰtť de l'Ecole la Source"
TOGO,LOME,CLINIQUE,HOPITAL PRIVE ISIS (ex CLINIQUE ISIS),"MEDECINE GENERALE, GYNECOLOGIE OBSTETRIQUE, CHIRURGIE, PEDIATRIE, ANALYSES MEDICALES",222563005 / 91750867 / 97432576/ 93072085/ 98187975--92100690,agboadis@yahoo.fr;kondow.charfa@gmail.com; cliniqueisis@yahoo.com,6.1966875,1.1619375,"Lome Adidogomť, Amadahomť, derriŤre le Lycťe Technique, ŗ cŰtť du magasin de l'ANSAT","Adidogomť, Amadahomť, derriŤre le Lycťe Technique, ŗ cŰtť du magasin de l'ANSAT"
TOGO,LOME,CLINIQUE,CLINIQUE DE L'AEROPORT,"MEDECINE GENERALE, CHIRURGIE, GYNECOLOGIE OBSTETRIQUE, ANALYSES MEDICALES",22 26 90 12;90 82 18 22,vkcliniqueaeroport@yahoo.fr,6.1688125,1.2464375,"Lome Sito-Aťroport, 16, Rue de Fazao ","Sito-Aťroport, 16, Rue de Fazao "
TOGO,LOME,CLINIQUE,CLINIQUE DE TOTSI,"MEDECINE GENERALE, CHIRURGIE, GYNECOLOGIE OBSTETRIQUE, ANALYSES MEDICALES",90 81 07 44/22 35 40 91,cliniquedetotsi@gmail.com,6.1950625,1.1820625,"Lome Totsi, Non loin du bar 2N","Totsi, Non loin du bar 2N"
TOGO,LOME,C/DENTAIRE,CLINIQUE DENTAIRE NIFA,CHIRURGIE DENTAIRE,22 21 32 46,clindentnifa@yahoo.fr;kagbedey@yahoo.fr,6.1339375,1.2140625,Lome Lome,Lome
TOGO,LOME,CLINIQUE,CLINIQUE DES ETOILES,MEDECINE GENERALE,22 21 08 28,pkodjolo@gmail.com,6.1348125,1.2258125,"Lome Adoboukomť, 20, Rue de Brazza","Adoboukomť, 20, Rue de Brazza"
TOGO,LOME,CLINIQUE,CLINIQUE INTERNATIONALE DR KODOM,"MEDECINE GENERALE, CHIRURGIE, GYNECOLOGIE OBSTETRIQUE, ANALYSES MEDICALES",22 51 89 87 ; 90 18 85 95,Pas d'adresse mail,6.1706875,1.1978125,Lome Lome,Lome
TOGO,LOME,CLINIQUE,CLINIQUE INTERNATIONALE LES ELFES,"MEDECINE GENERALE, GYNECOLOGIE OBSTETRIQUE, ANALYSES MEDICALES",96969631 ; 91748888 / 91694444,cliniqueleselfes@gmail.com;dr.boukari@gmail.com,6.2176875,1.1969375,"Lomť, AgoŤ",Rťserve de la Gendarmerie
TOGO,LOME,CLINIQUE,CLINIQUE KOM'OMBO,"MEDECINE GENERALE, CHIRUGIE, GYNECOLOGIE OBSTETRIQUE, ANALYSES MEDICALES, IMAGERIE MEDICALE (Echo)",22 25 34 02;90 51 83 73;90 82 78 77,cliniquekom.ombo@gmail.com,6.2329375,1.1960625,Lome Agoe,"Agoe Assiyeye, A 100m de la Phcie VITAS, derriŤre la clinique la Famille, en face du Marchť"
TOGO,LOME,CLINIQUE,CLINIQUE LA BARAKAT,"MEDECINE GENERALE, MEDECIN INTERNE, PEDIATRIE, NEONATOLOGIE, NEPHROLOGIE, NEUROLOGIE, MALADIES INFECTIEUSES, DERMATOLOGIE, CHIRURGIE (Gťnťrale, Digestive, Pťdiatrique), GYNECOLOGIE OBSTETRIQUE, ANESTHESIE REANIMATION, ANALYSES MEDICALES (Hťmato, Immuno, Biochimie, Hormono), IMAGERIE MEDICALE (Echo)",91499062 / 90221944,cliniquebarakat@gmail.com;clinicbarakat@gmail.com,6.2356875,1.1670625,Lome AgoŤ Fiovi ,"AgoŤ Fiovi, "
TOGO,LOME,CLINIQUE,CLINIQUE LA REFERENCE,"MEDECINE GENERALE, MEDECINE INTERNE, NEPHROLOGIE, HEPATO-GASTRO-ENTEROLOGIE",90198555;91518338,cliniquelareference@gmail.com;djagkodj11@gmail.com,6.1753125,1.1945625,Lome Djidjolť,"Djidjolť, 81 rue Aflao Gakli"
TOGO,LOME,CLINIQUE,CLINIQUE LA VICTOIRE,"MEDECINE GENERALE, MEDECINE INTERNE, NEUROLOGIE, CARDIOLOGIE, KINESITHERAPIE, ANALYSES MEDICALES  (Immuno, Bioch, Parasito)",22 25 32 43 ; 99467769 / 90353516,tontonmaxi@yahoo.fr,6.1878125,1.1951875,Lome Lome,Lome
TOGO,LOME,CLINIQUE,CLINIQUE LE BIEN ETRE,MEDECINE GENERALE,22 25 90 50,Pas d'adresse mail,6.1883125,1.1621875,Lome Lome,Lome
TOGO,LOME,CLINIQUE,CLINIQUE LES ANGES,CARDIOLOGIE,22 22 32 36,mesanges55@yahoo.fr,6.1489375,1.2124375,"Lome Tokoin Sťminaire, 962, Bd. des Armťes, en face du service des impŰts","Tokoin Sťminaire, 962, Bd. des Armťes, en face du service des impŰts"
TOGO,LOME,CLINIQUE,CLINIQUE LES MOINEAUX,PEDIATRIE,22 26 09 93,adgbadoe@yahoo.fr,6.2120625,1.2336875,"Lome Kťguť, rue Kpatcha","Kťguť, rue Kpatcha"
TOGO,LOME,CLINIQUE,CLINIQUE MEDICALE LES VICTORIEUX,"MEDECINE GENERALE, MEDECINE INTERNE, NEUROLOGIE, GYNECOLOGIE OBSTETRIQUE, KINESITHERAPIE, RADIOLOGIE ET IMAGERIE MEDICALE (Echo), ANALYSES MEDICALES (Hťmato, Bacterio, Immuno, Bioch)",22 47 59 59 ; 70434334 / 90154436,cmlvictorieux@gmail.com; wisdom.adandogou@gmail.com,6.2335625,1.1326875,Lome Zopomahť,Zopomahť
TOGO,LOME,CLINIQUE,CLINIQUE MEDICO CHIRURGICALE ESPOIR BETHEL,"MEDECINE GENERALE, CHIRURGIE (Digestive, Gťnťrale, Pťdiatrique, Reconstructrice), GYNECOLOGIE OBSTETRIQUE, HEPATO-GASTRO-ENTEROLOGIE, KINESITHERAPIE, ANALYSES MEDICALES (Hťmato, Bacterio, Bioch), OTO-RHINO-LARYNGOLOGIE, TRAUMATOLOGIE, UROLOGIE, NEUROLOGIE, PEDIATRIE, NEONATOLOGIE, IMAGERIE MEDICALE",22 25 16 24†; 92 90 10 69 / 90825727,gadzoda@yahoo.fr,6.2221875,1.1854375,Lome Avťdji,Avťdji
TOGO,LOME,CLINIQUE,CLINIQUE MEDICO CHIRURGICALE MARTIN LUTHER KING,"CHIRURGIE, MEDECINE GENERALE",22 50 32 33,cmlkclinique@gmail.com;christian.yenkey@gmail.com,6.1894375,1.2069375,"Lome Agbalťpťdogan, 235, Av. de la Chance, Face ŗ Sazof","Agbalťpťdogan, 235, Av. de la Chance, Face ŗ Sazof"
TOGO,LOME,CLINIQUE,CLINIQUE MEDICO CHIRURGICALE MAWUBEDZRO,"MEDECINE GENERALE, RADIOLOGIE, GYNECOLOGIE OBSTETRIQUE, PEDIATRIE, ANALYSES MEDICALES",22 25 04 21 / 90034668,cmc.mawubedzro@gmail.com;draaggm@gmail.com;cmcmawubedzro@gmail.com;takpaki@gmail.com,6.1731875,1.2009375,Lome Lome,Lome
TOGO,LOME,CLINIQUE,"CLINIQUE MERE ET ENFANT ""L'ETOILE""","MEDECINE GENERALE, GYNECOLOGIE OBSTETRIQUE, PEDIATRIE, CHIRURGIE PEDIATRIQUE, ANALYSES MEDICALES (Hemato, Bacterio, Immuno, Bioch, Parasito), OTO-RHINO-LARYNGOLOGIE, IMAGERIE MEDICALE (Echo, IRM)",22512946 ; 90092946 /93711777,clinmeetoile16@gmail.com;delatete@yahoo.fr,6.1844375,1.1986875,Lome Lome,Lome
TOGO,LOME,CLINIQUE,CLINIQUE OPHTALMOLOGIQUE LUMIERE DIVINE (C.O.L.D),OPHTALMOLOGIE,22257898 ; 93398702 / 91587858,ophtacold@gmail.com;emwod@hotmail.com,6.1871875,1.1929375,"Lomť, Totsi",3269 Av Pya
TOGO,LOME,CLINIQUE,CLINIQUE PERPETUEL SECOURS,"MEDECINE GENERALE, GYNECOLOGIE OBSTETRIQUE, CHIRURGIE, PEDIATRIE, ENDOCRINOLOGIE, CARDIOLOGIE, HEPATO-GASTRO-ENTEROLOGIE, ANALYSES MEDICALES, MEDECINE DU TRAVAIL, DERMATOLOGIE, NEUROLOGIE, OTO-RHINO-LARYNGOLOGIE (ORL), UROLOGIE",22 51  19 35 / 90 18 29 69 ; 99 68 82 56 / 91 57 33 74,cliniqueperpetuelsecours@gmail.com;accueilcps.lome@gmail.com,6.1811875,1.1973125,"Lome Lomť, Djidjolť, Rue 123 face CEG LA SAGESSE","Lomť, Djidjolť, Rue 123 face CEG LA SAGESSE"
TOGO,LOME,CLINIQUE,CLINIQUE POLYVALENTE DE L'ESPERANCE,"MEDECINE GENERALE, PEDIATRIE, CHIRURGIE (GENERALE, DIGESTIVE, GENERALE, MAXILLO-FACIALE, PEDIATRIQUE, CARDIO-VASCULAIRE, DENTAIRE, ORTHOPEDIQUE), TRAUMATOLOGIE, DERMATOLOGIE, ANESTHESIE-REANIMATION, GYNECOLOGIE OBSTETRIQUE, HEPATO-GASTRO-ENTEROLOGIE, KINESITHERAPIE, NEONATOLOGIE, NEUROCHIRURGIE, OTO-RHINO-LARYNGOLOGIE, IMAGERIE MEDICALE, UROLOGIE, STOMATOLOGIE, ANALYSES MEDICALES",22 26 66 11;90549618 / 90082972 / 90034665,cliniquesperance@yahoo.fr,6.1864375,1.2410625,"Lome Hťdzranawoť, 400m aprŤs le Marchť de Hťdzranawoť, non loin de la Pharmacie Internationale","Hťdzranawoť, 400m aprŤs le Marchť de Hťdzranawoť, non loin de la Pharmacie Internationale"
TOGO,LOME,CLINIQUE,CLINIQUE SAINTE CECILE,"ANESTHESIE REANIMATION, BIOLOGIE MEDICALE (Hemato, Bioch, Hormono), CHIRURGIE (DIGESTIVE, GENERALE), GYNECOLOGIE OBSTETRIQUE, KINESITHERAPIE, NEONATOLOGIE, PEDIATRIE, NEUROLOGIE, IMAGERIE MEDICALE (Echo)",91875165 // 91266162,edem.dagba@yahoo.fr,6.1724375,1.2313125,"Lomť, Adidogomť","Adigogomť, Awatamť"
TOGO,LOME,CLINIQUE,CLINIQUE SAINTE FATIMA,"CHIRURGIE, MEDECINE GENERALE, AMBULANCE",22 50 02 82/ 90 04 28 73/ 98 57 80 30 // (79301808),tamastrid@yahoo.fr,6.2290625,1.2038125,Avedji,"Avedji, non loin de l'ťcole primaire privťe LE ROITELET annexe"
TOGO,LOME,CLINIQUE,CLINIQUE SAINTE HELENE,"PEDIATRIE, MEDECINE GENERALE",22 21 65 39,clinicsaintehelene@gmail.com,6.1378125,1.2268125,Lome Tokoin Doulassamť,Tokoin Doulassamť
TOGO,LOME,CLINIQUE,CLINIQUE SANTE POUR TOUS,"MEDECINE GENERALE, GYNECOLOGIE OBSTETRIQUE, ANALYSES MEDICALES, CARDIOLOGIE",22267540,cliniquespt@yahoo.fr,6.1968125,1.2405625,Lome Kegue,Kegue
TOGO,LOME,CLINIQUE,CLINIQUE SĆUR ANNE-MARIE ROUE,"MEDECINE GENERALE, NEUROLOGIE, OPHTALMOLOGIE, OTO-RHINO-LARYNGOLOGIE, UROLOGIE, ORTHOPHONIE, KINESITHERAPIE, CARDIOLOGIE, ANALYSES MEDICALES (Hemato, Immuno, Biochimie, Parasito)",70322318;93891469 / 90 36 73 53;99480044,acef_togo@yahoo.fr,6.1815625,1.1913125,Lome Djidjolť,"Djidjolť, Rue ŗ Droite aprŤs l'HŰtel Muget"
TOGO,LOME,CLINIQUE,CLINIQUE TAAMBA,NEPHROLOGIE,22 20 88 99/†22 20 57 37,baritsee@yahoo.fr,6.1521875,1.2219375,Lome Lome,Lome
TOGO,KARA,CLINIQUE,CLINIQUE TOUT EST GRACE,MEDECINE GENERALE, 24 45 83 52,ali.doctuer@yahoo.fr;marcocheco2@gmail.com,9.5515625,1.2039375,Kara Kara,Kara
TOGO,LOME,CLINIQUE,CLINIQUE UNIDIAL,"MEDECINE GENERALE, PEDIATRIE, NEPHROLOGIE",22208805;93972020,cliniqueunidial2015@gmail.com,6.1483125,1.2065625,"Lome Tokoin Habitat, Rue des Filaos, Villa Ebenezer","Tokoin Habitat, Rue des Filaos, Villa Ebenezer"
TOGO,DAPAONG,CLINIQUE,CLINIQUE WIN'PANG,"MEDECINE GENERALE, ANALYSES MEDICALES",90 04 53 61,sergeohin@yahoo.fr,10.8711875,0.2041875,Dapaong Dapaong,Dapaong
TOGO,ADJENGRE - SOTOUBOUA,DISPENSAIRE,CMS ADJENGRE,"MEDECINE GENERALE, GYNECOLOGIE OBSTETRIQUE, ANALYSES MEDICALES",90916537 / 99450258,Pas d'adresse mail,8.657138,1.0186585,Adjengre - Sotouboua Adjengre - Sotouboua,Adjengre - Sotouboua
TOGO,AHEPE,DISPENSAIRE,CMS AHEPE,MEDECINE GENERALE,90 29 76 61,Adresse non fonctionnelle,6.6036875,1.3859375,Ahepe Ahepe,Ahepe
TOGO,LOME,CENTRE D'OPTIQUE,GRACIA'S VISION,OPTIQUE,92046056;98232794,graciasvision@hotmail.com,6.2003125,1.1970625,"Lomť, Agbalepodo",Agbalťpťdo
TOGO,ASSAHOUN,HOPITAL,HOPITAL ASSAHOUN,"MEDECINE GENERALE, GYNECOLOGIE OBSTETRIQUE, CHIRURGIE, ANALYSES MEDICALES", 90 34 38 86,amoska7@yahoo.fr,6.4320625,0.9274375,Assahoun Assahoun,Assahoun
TOGO,NOTSE,HOPITAL,HOPITAL DE NOTSE,"MEDECINE GENERALE, GYNECOLOGIE OBSTETRIQUE, ANALYSES MEDICALES",90181309,akd_francis@yahoo.fr,6.9511875,1.1731875,Notse Notse,Notse
TOGO,LOME,CENTRE DE DIAGNOSTIC,INSTITUT NATIONAL D'HYGIENE - INH,ANALYSES MEDICALES,22 21 03 66,hjacky78@yahoo.fr;kondidjabi@yahoo.fr,6.1259375,1.2181875,Lome Lome,Lome
TOGO,LOME,CENTRE D'OPTIQUE,KNAL OPTIC,OPTIQUE,22 25 65 66,Pas d'adresse mail,6.1885625,1.2079375,Lome Lome,Lome
TOGO,LOME,CENTRE D'OPTIQUE,KRYSTAL OPTIQUE,OPTIQUE,22 22 96 96 / 90328000,Pas d'adresse mail,6.1360625,1.2194375,Lome Lome,Lome
TOGO,LOME,CENTRE D'OPTIQUE,LEDI VISION,OPTIQUE,22 21 52 53 / 91 55 17 50,contact@ledivision.com,6.1849375,1.2068125,Lome Lome,Lome
TOGO,LOME,CENTRE D'OPTIQUE,NOVA VISION,OPTIQUE,†22 42 20 27/ 90 74 12 62,contact@optique-novavision.com,6.1900625,1.1608125,Lome Lome,Lome
TOGO,LOME,CENTRE D'OPTIQUE,CLAIR OPTIC (OPTICAL DISCOUNT),OPTIQUE,†22 20 90 90 / 90 32 80 00,clairoptic.togo@gmail.com,6.1449375,1.2114375,Lome Lome,Lome
TOGO,LOME,CENTRE D'OPTIQUE,OPTIQUE A DIEU LA GLOIRE,OPTIQUE,22 20 71 83,Pas d'adresse mail,6.1420625,1.2109375,Lome Lome,Lome
TOGO,LOME,CENTRE D'OPTIQUE,OPTIQUE OTTICA,OPTIQUE,22 20 90 53,Pas d'adresse mail,6.1304375,1.2218125,Lome Lome,Lome
TOGO,LOME,CENTRE D'OPTIQUE,OPTIQUE VISION VIE,OPTIQUE,98607935,Pas d'adresse mail,6.1704375,1.1934375,"Lome Adidogomť Avťnou, Adjinomoto","Adidogomť Avťnou, Adjinomoto"
TOGO,LOME,CENTRE DE DIAGNOSTIC,PERFECT LABO,ANALYSES MEDICALES,22 20 77 88,kueviam@hotmail.com,6.1489375,1.2155625,Lome Lome,Lome
TOGO,LOME,CLINIQUE,POLYCLINELLE WOSSINU & GBOGBO,"MEDECINE GENERALE, GYNECOLOGIE OBSTETRIQUE, CHIRURGIE, NEUROLOGIE, CARDIOLOGIE, PEDIATRIE, ANALYSES MEDICALES",22 50 39 89,polyclinellewossinu@gmail.com;mquacoe@hotmail.com,6.1760625,1.1823125,Lome Lome,Lome
TOGO,LOME,CLINIQUE,POLYCLINIQUE INTERNATIONALE SAINT JOSEPH,"MEDECINE GENERALE, GYNECOLOGIE OBSTETRIQUE, CHIRURGIE, PEDIATRIE, NEUROLOGIE, CARDIOLOGIE, HEPATO-GASTRO-ENTEROLOGIE, RHUMATOLOGIE, ANALYSES MEDICALES",22 26 72 32,pisjo@hotmail.com,6.1738125,1.2411875,"Lome Hťdzranawoť, Bd. du Haho, non loin de CIB-INTA","Hťdzranawoť, Bd. du Haho, non loin de CIB-INTA"
TOGO,LOME,CLINIQUE,HOPITAL NADOUVI LAWSON BODY (POLYCLINIQUE LE CĆUR),"CARDIOLOGIE, MEDECINE GENERALE",22 26 84 81;22 26 03 11,cliniquelecoeur@gmail.com,6.1691875,1.2358125,"Lome Tokoin Wuiti, Bd. Jean Paul II, derriŤre líONG Borne Fonden","Tokoin Wuiti, Bd. Jean Paul II, derriŤre líONG Borne Fonden"
TOGO,LOME,CLINIQUE,POLYCLINIQUE MELIA,"MEDECINE GENERALE, GYNECOLOGIE OBSTETRIQUE, CHIRURGIE (DIGESTIVE, GENERALE, PEDIATRIQUE), ANALYSES MEDICALES, PSYCHOLOGIE, ALLERGOLOGIE, ANATOMIE-PATHOLOGIQUE, ANESTHESIE REANIMATION, CARDIOLOGIE, DERMATOLOGIE, ENDOCRINOLOGIE, HEMATOLOGIE CLINIQUE, HEPATO-GASTRO-ENTEROLOGIE, KINESITHERAPIE, NEPHROLOGIE, MEDECINE INTERNE, NEUROCHIRURGIE, ONCOLOGIE, OPHTALMOLOGIE, OTO-RHINO-LARYNGOLOGIE, IMAGERIE MEDICALE (Radio, Echo), TRAUMATOLOGIE, UROLOGIE, ORTHOPHONIE",70448377 ; 91080385 / 90187242,cabmeli@yahoo.fr;secrtariatpm@yahoo.com,6.1863125,1.1756875,Lome Adidogomť,Adidogomť Franciscains
TOGO,LOME,CLINIQUE,POLYCLINIQUE SAINT ANTOINE DE PADOUE,"MEDECINE GENERALE, GYNECOLOGIE OBSTETRIQUE, CHIRURGIE (Digestive, Pťdiatrique, Gťnťrale, Maxillofaciale), PEDIATRIE, CARDIOLOGIE, NEUROLOGIE, HEPATO-GASTRO-ENTEROLOGIE, PNEUMOLOGIE, MEDECINE INTERNE, MEDECINE DU TRAVAIL, PSYCHIATRIE, ANALYSES MEDICALES (Hemato, Immuno, Parasito, Bioch), OTO-RHINO-LARYNGOLOGIE (ORL), IMAGERIE MEDICALE (Radio, Echo), ORTHOPEDIE",22 71 02 85; 99833413; 93 34 15 05 / 90 16 83 93 / 90077015,clipadoue2017@gmail.com;goutadavi@yahoo.fr;reined3@gmail.com,6.1633125,1.2840625,Lome Ahadji kpota,"Ahadji kpota, face Gendarmerie Zorro bar"
TOGO,SOKODE,CLINIQUE,POLYCLINIQUE SOKODE,"MEDECINE GENERALE, GYNECOLOGIE OBSTETRIQUE, ANALYSES MEDICALES", 90 12 45 16/ 25 50 12 57 ,jackak310@yahoo.fr,8.9816875,1.1393125,Sokode Sokode,Sokode
TOGO,LOME,CENTRE DE DIAGNOSTIC,RAPI LABO,ANALYSES MEDICALES,22 22 32 36,Pas d'adresse mail,6.1501875,1.2131875,Lome Lome,Lome
TOGO,KARA,CLINIQUE,SOS HOPITAL MERE ET ENFANT,"MEDECINE GENERALE, GYNECOLOGIE OBSTETRIQUE, ANALYSES MEDICALES",26601159 / 26606043,programme.kara@sos-togo.org,9.5608125,1.2103125,Kara Kara,Kara
TOGO,LOME,CENTRE D'OPTIQUE,TOGOPTIC,OPTIQUE,22 22 01 31 ,Pas d'adresse mail,6.1354375,1.2134375,Lome Hanoukopť,"Hanoukopť, Non loin de la Pharmacie Pour Tous, face ŗ Canada Expert Pro "
TOGO,LOME,CLINIQUE,UNITE MEDICALE SAMB,"MEDECINE GENERALE, CARDIOLOGIE, ANALYSES MEDICALES, MEDECINE DU TRAVAIL",00228 22 51 78 58,cabinetumm@yahoo.fr,6.2256875,1.2109375,"Lome AgoŤnyivť, ŗ cŰtť de l'ťglise catholique Marie Thťotokos","AgoŤnyivť, ŗ cŰtť de l'ťglise catholique Marie Thťotokos"
TOGO,ADANGBE,DISPENSAIRE,USP ADANGBE,MEDECINE GENERALE,91 90 39 42,Pas d'adresse mail,6.5336875,1.2955625,Adangbe Adangbe,Adangbe
TOGO,AOUDA - SOTOUBOUA,DISPENSAIRE,USP AOUDA,"MEDECINE GENERALE, GYNECOLOGIE OBSTETRIQUE, PEDIATRIE",90762687,Pas d'adresse mail,8.9229375,1.1068125,Aouda - Sotouboua Aouda - Sotouboua,Aouda - Sotouboua
TOGO,BAPURE - GUERIN KOUKA,DISPENSAIRE,USP BAPURE,"MEDECINE GENERALE, GYNECOLOGIE OBSTETRIQUE, PEDIATRIE",91949176,Pas d'adresse mail,9.5245625,0.6124375,Bapure - Guerin Kouka Bapure - Guerin Kouka,Bapure - Guerin Kouka
TOGO,KATCHAMBA - GUERIN KOUKA,DISPENSAIRE,USP KATCHAMBA,"MEDECINE GENERALE, GYNECOLOGIE OBSTETRIQUE, PEDIATRIE",90461440,Pas d'adresse mail,9.8843125,0.5185625,Katchamba - Guerin Kouka Katchamba - Guerin Kouka,Katchamba - Guerin Kouka
TOGO,KIDJABOUN - GUERIN KOUKA,DISPENSAIRE,USP KIDJABOUN,"MEDECINE GENERALE, GYNECOLOGIE OBSTETRIQUE, PEDIATRIE",90343539,Pas d'adresse mail,9.7834375,0.4604375,Kidjaboun - Guerin Kouka Kidjaboun - Guerin Kouka,Kidjaboun - Guerin Kouka
TOGO,KPATCHILE - GUERIN KOUKA,DISPENSAIRE,USP KPATCHILE,"MEDECINE GENERALE, GYNECOLOGIE OBSTETRIQUE, PEDIATRIE",97119538,Pas d'adresse mail,9.5391875,0.5754375,Kpatchile - Guerin Kouka Kpatchile - Guerin Kouka,Kpatchile - Guerin Kouka
TOGO,NANDOUTA - GUERIN KOUKA,DISPENSAIRE,USP NANDOUTA,"MEDECINE GENERALE, GYNECOLOGIE OBSTETRIQUE, PEDIATRIE",92129968†/†92376584,Pas d'adresse mail,9.6044375,0.3958125,Nandouta - Guerin Kouka Nandouta - Guerin Kouka,Nandouta - Guerin Kouka
TOGO,NAWARE - GUERIN KOUKA,DISPENSAIRE,USP NAWARE,"MEDECINE GENERALE, GYNECOLOGIE OBSTETRIQUE, PEDIATRIE",90461440,Pas d'adresse mail,9.6160625,0.6274375,Naware - Guerin Kouka Naware - Guerin Kouka,Naware - Guerin Kouka
TOGO,TCHEBEBE - SOTOUBOUA,DISPENSAIRE,USP TCHEBEBE,"MEDECINE GENERALE, GYNECOLOGIE OBSTETRIQUE, PEDIATRIE",90084124,Pas d'adresse mail,8.4310625,0.9833125,Tchebebe - Sotouboua Tchebebe - Sotouboua,Tchebebe - Sotouboua
TOGO,TCHEKPO D,DISPENSAIRE,USP TCHEKPOE DEDEKPOE,MEDECINE GENERALE,96 37 30 85,johnokotan@gmail.com,6.5353125,1.3614375,Tchekpo Dedekpoe,Tchekpo Dedekpoe
TOGO,ZAFI,DISPENSAIRE,USP ZAFI,MEDECINE GENERALE,96 37 30 95,felleygilbert@gmail.com,6.6255625,1.3759375,Zafi Zafi,Zafi
TOGO,LOME,CENTRE D'OPTIQUE,VAL OPTIC,OPTIQUE,24 45 27 17,Pas d'adresse mail,6.2029375,1.1458125,Lome Lome,Lome
TOGO,LOME,CENTRE D'OPTIQUE,VISION LE POINT,OPTIQUE,22 26 48 23,Pas d'adresse mail,6.2075625,1.1815625,Lome Lome,Lome
TOGO,LOME,HOPITAL,HOPITAL SAINTE JOSEPHINE BAKHITA,"MEDECINE GENERALE, GYNECOLOGIE OBSTETRIQUE, PEDIATRIE, CHIRURGIE GENERALE, CARDIOLOGIE, STOMATOLOGIE, TRAUMATOLOGIE, OPHTALMOLOGIE, PSYCHIATRIE, KINESITHERAPIE, ANALYSES MEDICALES (Immuno, Hemato, Bacterio, Bioch), IMAGERIE (Radio, Echo)",70470662 / 90792381 // 91831397,cmsjbagoe2006@yahoo.com;bimizimarcel@gmail.com;ktadougbe@yahoo.com,6.259937,1.163063,Agoe Kove,"Agoe Kove, route de Mission Tove"
TOGO,LOME,CABINET,CLINIQUE MEDICO-CARDIOLOGIQUE CĆUR DE GRACE,"CARDIOLOGIE,ENDOCRINOLOGIE,ANALYSES MEDICALES (hemato, bioch), IMAGERIE (Echo)",22504260; 91736042;92867079,ehlanefa@gmail.com,6.189563,1.184937,Totsi-Gblinkomť,"Totsi-Gblinkomť, Non loin de la salle des Tťmoins de Jťhovah"
TOGO,LOME,DISPENSAIRE,CENTRE DE SOINS POLYVALENTS ASSOCIATION TOGOLAISE D'ENTRAIDE EN SANTE (ATES),"MEDECINE GENERALE, GYNECOLOGIE-OBSTETRIQUE, KINESITHERAPIE, MALADIES INFECTIEUSES, PEDIATRIE, NEONATOLOGIE, KINESITHERAPIE, ANALYSES MEDICALES (Hemato, Immuno, Bioch), IMAGERIE (Echo)",22261577 / 90043278,centre2soinsates@gmail.com;kudorcas@yahoo.fr,6.1635625,1.2276875,Lome Tokoin Wuiti,Tokoin Wuiti
